id,slug,name,category,tagline,tags,neighborhood,address,city,country,lat,lng,website,phone,maps_url,hours_raw,logo_url,hero_url,image_credit,image_source_url,place_id,osm_type,osm_id,wikidata_id,url,price_range,busyness_hint,about_short,about_long,amenities
ChIJtUARVOf_kT4Rcpzj5oV0NDo,azaiba-mall,(Azaiba Mall),Malls,,mall;shopping;retail,,"Sultan Qaboos St, Muscat 130, Oman",Muscat,Oman,23.590355,58.377590,https://www.google.com/maps/place/?q=place_id:ChIJtUARVOf_kT4Rcpzj5oV0NDo,+968 7920 0040,https://www.google.com/maps/place/?q=place_id:ChIJtUARVOf_kT4Rcpzj5oV0NDo,,https://www.google.com/s2/favicons?domain=www.google.com&sz=128,,,,ChIJtUARVOf_kT4Rcpzj5oV0NDo,,,,https://www.google.com/maps/place/?q=place_id:ChIJtUARVOf_kT4Rcpzj5oV0NDo,,,,,
ChIJlZRxNzf7kT4Rywlr0MsZZgA,alsafinat-shopping-centre,ALSAFINAT Shopping Centre,Malls,,mall;shopping;retail,,"FFGR+CCG, Al Amarat, Oman",Muscat,Oman,23.476057,58.491063,https://www.google.com/maps/place/?q=place_id:ChIJlZRxNzf7kT4Rywlr0MsZZgA,,https://www.google.com/maps/place/?q=place_id:ChIJlZRxNzf7kT4Rywlr0MsZZgA,,https://www.google.com/s2/favicons?domain=www.google.com&sz=128,,,,ChIJlZRxNzf7kT4Rywlr0MsZZgA,,,,https://www.google.com/maps/place/?q=place_id:ChIJlZRxNzf7kT4Rywlr0MsZZgA,,,,,
ChIJm6a_FQr9jT4RzKcoOUJkmPs,aflak-shopping-center,Aflak Shopping Center,Malls,,mall;shopping;retail,,"J57X+XVJ, Al Mazoon St, Sib, Oman",Muscat,Oman,23.614963,58.199635,https://www.google.com/maps/place/?q=place_id:ChIJm6a_FQr9jT4RzKcoOUJkmPs,+968 9509 0902,https://www.google.com/maps/place/?q=place_id:ChIJm6a_FQr9jT4RzKcoOUJkmPs,,https://www.google.com/s2/favicons?domain=www.google.com&sz=128,,,,ChIJm6a_FQr9jT4RzKcoOUJkmPs,,,,https://www.google.com/maps/place/?q=place_id:ChIJm6a_FQr9jT4RzKcoOUJkmPs,,,,,
ChIJNQPLTDTljT4RMcKkFul0ZBk,al-araimi-boulevard,Al Araimi Boulevard,Malls,,mall;shopping;retail,,"Al Araimi Boulevard, Al seeb, مسقط، Oman",Muscat,Oman,23.656426,58.183434,http://www.ablvd.com/,,https://www.google.com/maps/place/?q=place_id:ChIJNQPLTDTljT4RMcKkFul0ZBk,,https://www.google.com/s2/favicons?domain=www.ablvd.com&sz=128,,,,ChIJNQPLTDTljT4RMcKkFul0ZBk,,,,http://www.ablvd.com/,,,,,
ChIJHUiSS9f5kT4Ra2ZAmmL5xzM,al-baraka-hypermarket,Al Baraka Hypermarket,Malls,,mall;shopping;retail,,"Souq Ruwi St, Muscat, Oman",Muscat,Oman,23.586375,58.545908,https://www.google.com/maps/place/?q=place_id:ChIJHUiSS9f5kT4Ra2ZAmmL5xzM,+968 9593 1110,https://www.google.com/maps/place/?q=place_id:ChIJHUiSS9f5kT4Ra2ZAmmL5xzM,,https://www.google.com/s2/favicons?domain=www.google.com&sz=128,,,,ChIJHUiSS9f5kT4Ra2ZAmmL5xzM,,,,https://www.google.com/maps/place/?q=place_id:ChIJHUiSS9f5kT4Ra2ZAmmL5xzM,,,,,
ChIJMaSQFRL7kT4RoKB7zSzDHj4,al-ehsan-shopping-center,Al Ehsan shopping center,Malls,,mall;shopping;retail,,"FFWR+W49, Al Amarat, Oman",Muscat,Oman,23.497279,58.490356,https://www.google.com/maps/place/?q=place_id:ChIJMaSQFRL7kT4RoKB7zSzDHj4,+968 24 241408,https://www.google.com/maps/place/?q=place_id:ChIJMaSQFRL7kT4RoKB7zSzDHj4,,https://www.google.com/s2/favicons?domain=www.google.com&sz=128,,,,ChIJMaSQFRL7kT4RoKB7zSzDHj4,,,,https://www.google.com/maps/place/?q=place_id:ChIJMaSQFRL7kT4RoKB7zSzDHj4,,,,,
ChIJdQnbBL7_kT4RjJIGoew6P-c,al-ezz-shopping-center,Al Ezz Shopping Center,Malls,,mall;shopping;retail,,"H9VX+RR3، سكة 3208، Muscat, Oman",Muscat,Oman,23.594523,58.399533,https://www.google.com/maps/place/?q=place_id:ChIJdQnbBL7_kT4RjJIGoew6P-c,+968 24 499562,https://www.google.com/maps/place/?q=place_id:ChIJdQnbBL7_kT4RjJIGoew6P-c,,https://www.google.com/s2/favicons?domain=www.google.com&sz=128,,,,ChIJdQnbBL7_kT4RjJIGoew6P-c,,,,https://www.google.com/maps/place/?q=place_id:ChIJdQnbBL7_kT4RjJIGoew6P-c,,,,,
ChIJccSvm_r4kT4R5p5HptESrII,al-harthy-complex,Al Harthy Complex,Malls,,mall;shopping;retail,,"JG42+V3H, Unnamed Road, Muscat, Oman",Muscat,Oman,23.607184,58.500231,https://www.google.com/maps/place/?q=place_id:ChIJccSvm_r4kT4R5p5HptESrII,,https://www.google.com/maps/place/?q=place_id:ChIJccSvm_r4kT4R5p5HptESrII,,https://www.google.com/s2/favicons?domain=www.google.com&sz=128,,,,ChIJccSvm_r4kT4R5p5HptESrII,,,,https://www.google.com/maps/place/?q=place_id:ChIJccSvm_r4kT4R5p5HptESrII,,,,,
ChIJVWSIMLn8jT4RDWgHaEteSSE,al-khodh-center,Al Khodh Center,Malls,,mall;shopping;retail,,"الخوض سنتر، Al Barakat St, Muscat, Oman",Muscat,Oman,23.639602,58.205576,https://www.google.com/maps/place/?q=place_id:ChIJVWSIMLn8jT4RDWgHaEteSSE,+968 9406 6633,https://www.google.com/maps/place/?q=place_id:ChIJVWSIMLn8jT4RDWgHaEteSSE,,https://www.google.com/s2/favicons?domain=www.google.com&sz=128,,,,ChIJVWSIMLn8jT4RDWgHaEteSSE,,,,https://www.google.com/maps/place/?q=place_id:ChIJVWSIMLn8jT4RDWgHaEteSSE,,,,,
ChIJAQqMQsL8jT4RjrjotvDH4t4,al-khoudh-shopping-centre,Al Khoudh Shopping Centre الخوض للتسوق,Malls,,mall;shopping;retail,,"J6J6+26G, Seeb, Oman",Muscat,Oman,23.630055,58.210580,https://www.google.com/maps/place/?q=place_id:ChIJAQqMQsL8jT4RjrjotvDH4t4,+968 24 188383,https://www.google.com/maps/place/?q=place_id:ChIJAQqMQsL8jT4RjrjotvDH4t4,,https://www.google.com/s2/favicons?domain=www.google.com&sz=128,,,,ChIJAQqMQsL8jT4RjrjotvDH4t4,,,,https://www.google.com/maps/place/?q=place_id:ChIJAQqMQsL8jT4RjrjotvDH4t4,,,,,
ChIJrYyvH6n_kT4RE3EypCIY5cw,al-khuwair-square,Al Khuwair Square,Malls,,mall;shopping;retail,,"Souk Al Khuwair St, Muscat, Oman",Muscat,Oman,23.589402,58.428580,https://www.google.com/maps/place/?q=place_id:ChIJrYyvH6n_kT4RE3EypCIY5cw,+968 24 613704,https://www.google.com/maps/place/?q=place_id:ChIJrYyvH6n_kT4RE3EypCIY5cw,,https://www.google.com/s2/favicons?domain=www.google.com&sz=128,,,,ChIJrYyvH6n_kT4RE3EypCIY5cw,,,,https://www.google.com/maps/place/?q=place_id:ChIJrYyvH6n_kT4RE3EypCIY5cw,,,,,
ChIJXeJiJjH_kT4RLABN0wzzLoo,al-madina-plaza,Al Madina Plaza,Malls,,mall;shopping;retail,,"Al Bashair St, Muscat, Oman",Muscat,Oman,23.601387,58.454741,http://www.towellproperty.com/,+968 9811 6611,https://www.google.com/maps/place/?q=place_id:ChIJXeJiJjH_kT4RLABN0wzzLoo,,https://www.google.com/s2/favicons?domain=www.towellproperty.com&sz=128,,,,ChIJXeJiJjH_kT4RLABN0wzzLoo,,,,http://www.towellproperty.com/,,,,,
ChIJPXP8xUn_kT4RmApdXzjO7Ac,al-masa-mall,Al Masa Mall,Malls,,mall;shopping;retail,,"Sarooj Street، 3009 As Saruj St, Muscat, Oman",Muscat,Oman,23.608569,58.455221,https://www.instagram.com/almasamall.om/,+968 24 693919,https://www.google.com/maps/place/?q=place_id:ChIJPXP8xUn_kT4RmApdXzjO7Ac,,https://www.google.com/s2/favicons?domain=www.instagram.com&sz=128,,,,ChIJPXP8xUn_kT4RmApdXzjO7Ac,,,,https://www.instagram.com/almasamall.om/,,,,,
ChIJe6t8f8r_kT4R2vGvEVayjDc,al-maydan-plaza,Al Maydan Plaza,Malls,,mall;shopping;retail,,"دوحة الأدب الخوير OM, Muscat 614, Oman",Muscat,Oman,23.592771,58.427014,https://www.google.com/maps/place/?q=place_id:ChIJe6t8f8r_kT4R2vGvEVayjDc,+968 9633 7373,https://www.google.com/maps/place/?q=place_id:ChIJe6t8f8r_kT4R2vGvEVayjDc,,https://www.google.com/s2/favicons?domain=www.google.com&sz=128,,,,ChIJe6t8f8r_kT4R2vGvEVayjDc,,,,https://www.google.com/maps/place/?q=place_id:ChIJe6t8f8r_kT4R2vGvEVayjDc,,,,,
ChIJKaw_Cvz7kT4RUdDjIk-I1aE,al-meera-mall,Al Meera Mall,Malls,,mall;shopping;retail,,"6 Al Mahaj Roundabout, Al Amarat, Oman",Muscat,Oman,23.512735,58.480396,https://www.almeera.com.qa/,,https://www.google.com/maps/place/?q=place_id:ChIJKaw_Cvz7kT4RUdDjIk-I1aE,,https://www.google.com/s2/favicons?domain=www.almeera.com.qa&sz=128,,,,ChIJKaw_Cvz7kT4RUdDjIk-I1aE,,,,https://www.almeera.com.qa/,,,,,
ChIJgzKFE5L9jT4RmJ2jpr9uaXY,al-mouj-sales-experience-centre,Al Mouj Sales & Experience Centre,Malls,,mall;shopping;retail,,"الموج مسقط،, J7H8+85M، السيب‎، Oman",Muscat,Oman,23.628341,58.265426,https://www.google.com/maps/place/?q=place_id:ChIJgzKFE5L9jT4RmJ2jpr9uaXY,,https://www.google.com/maps/place/?q=place_id:ChIJgzKFE5L9jT4RmJ2jpr9uaXY,,https://www.google.com/s2/favicons?domain=www.google.com&sz=128,,,,ChIJgzKFE5L9jT4RmJ2jpr9uaXY,,,,https://www.google.com/maps/place/?q=place_id:ChIJgzKFE5L9jT4RmJ2jpr9uaXY,,,,,
ChIJRcwtAbP9jT4ROWpVHTd3UlI,al-muzn-mall,Al Muzn Mall,Malls,,mall;shopping;retail,,"Al Muzn Mall, Muscat, Oman",Muscat,Oman,23.622985,58.249526,https://www.instagram.com/almuznmall/?hl=en,+968 9812 1014,https://www.google.com/maps/place/?q=place_id:ChIJRcwtAbP9jT4ROWpVHTd3UlI,,https://www.google.com/s2/favicons?domain=www.instagram.com&sz=128,,,,ChIJRcwtAbP9jT4ROWpVHTd3UlI,,,,https://www.instagram.com/almuznmall/?hl=en,,,,,
ChIJF_ozxTz_kT4RuuHdQcZUyhE,al-nawras-commercial-center,Al Nawras Commercial Center,Malls,,mall;shopping;retail,,"Nawras commercial Center, Al Khuwair St, Muscat 113, Oman",Muscat,Oman,23.596656,58.433554,https://www.google.com/maps/place/?q=place_id:ChIJF_ozxTz_kT4RuuHdQcZUyhE,,https://www.google.com/maps/place/?q=place_id:ChIJF_ozxTz_kT4RuuHdQcZUyhE,,https://www.google.com/s2/favicons?domain=www.google.com&sz=128,,,,ChIJF_ozxTz_kT4RuuHdQcZUyhE,,,,https://www.google.com/maps/place/?q=place_id:ChIJF_ozxTz_kT4RuuHdQcZUyhE,,,,,
ChIJ93MzEjH_kT4RjXwqGSCRy3Y,al-noor-plaza,Al Noor Plaza النور بلازا,Malls,,mall;shopping;retail,,"Al Bashair St, Muscat, Oman",Muscat,Oman,23.600824,58.455718,http://www.towellproperty.com/,+968 9811 6611,https://www.google.com/maps/place/?q=place_id:ChIJ93MzEjH_kT4RjXwqGSCRy3Y,,https://www.google.com/s2/favicons?domain=www.towellproperty.com&sz=128,,,,ChIJ93MzEjH_kT4RjXwqGSCRy3Y,,,,http://www.towellproperty.com/,,,,,
ChIJiRCepnb9jT4RK9k4_FJ4Gso,al-qabayel-discount-center-al-hail,Al Qabayel Discount Center Al Hail مركز القبائل للتخفيضات الحيل,Malls,,mall;shopping;retail,,"Seeb, Oman",Muscat,Oman,23.621227,58.240883,https://www.google.com/maps/place/?q=place_id:ChIJiRCepnb9jT4RK9k4_FJ4Gso,,https://www.google.com/maps/place/?q=place_id:ChIJiRCepnb9jT4RK9k4_FJ4Gso,,https://www.google.com/s2/favicons?domain=www.google.com&sz=128,,,,ChIJiRCepnb9jT4RK9k4_FJ4Gso,,,,https://www.google.com/maps/place/?q=place_id:ChIJiRCepnb9jT4RK9k4_FJ4Gso,,,,,
ChIJa7t-Jpz_kT4ROQf13iiSfDE,al-qabayel-discount-center-bousher,Al Qabayel Discount Center Bousher,Malls,,mall;shopping;retail,,"Muscat, Oman",Muscat,Oman,23.554566,58.407672,https://www.google.com/maps/place/?q=place_id:ChIJa7t-Jpz_kT4ROQf13iiSfDE,+968 9787 0400,https://www.google.com/maps/place/?q=place_id:ChIJa7t-Jpz_kT4ROQf13iiSfDE,,https://www.google.com/s2/favicons?domain=www.google.com&sz=128,,,,ChIJa7t-Jpz_kT4ROQf13iiSfDE,,,,https://www.google.com/maps/place/?q=place_id:ChIJa7t-Jpz_kT4ROQf13iiSfDE,,,,,
ChIJL2j-vu34kT4RAxxE4dhwKf4,al-qurum-complex,Al Qurum Complex,Malls,,mall;shopping;retail,,"Al qurum complex(ccc, مسقط، Oman",Muscat,Oman,23.615762,58.496418,https://www.daleel1010.om/ar/business/%D9%85%D8%AC%D9%85%D8%B9-%D8%A7%D9%84%D9%82%D8%B1%D9%85-%D8%A7%D9%84%D8%AA%D8%AC%D8%A7%D8%B1%D9%8A-OMDIRAS2416.html,+968 9420 6751,https://www.google.com/maps/place/?q=place_id:ChIJL2j-vu34kT4RAxxE4dhwKf4,,https://www.google.com/s2/favicons?domain=www.daleel1010.om&sz=128,,,,ChIJL2j-vu34kT4RAxxE4dhwKf4,,,,https://www.daleel1010.om/ar/business/%D9%85%D8%AC%D9%85%D8%B9-%D8%A7%D9%84%D9%82%D8%B1%D9%85-%D8%A7%D9%84%D8%AA%D8%AC%D8%A7%D8%B1%D9%8A-OMDIRAS2416.html,,,,,
ChIJTa0Q-hj7kT4RDB8xNEL0tx4,al-safa-mordern-shopping-centre,Al Safa Mordern Shopping Centre.,Malls,,mall;shopping;retail,,"FGR2+W62, 17, Al Amarat, Oman",Muscat,Oman,23.492257,58.500519,https://www.google.com/maps/place/?q=place_id:ChIJTa0Q-hj7kT4RDB8xNEL0tx4,,https://www.google.com/maps/place/?q=place_id:ChIJTa0Q-hj7kT4RDB8xNEL0tx4,,https://www.google.com/s2/favicons?domain=www.google.com&sz=128,,,,ChIJTa0Q-hj7kT4RDB8xNEL0tx4,,,,https://www.google.com/maps/place/?q=place_id:ChIJTa0Q-hj7kT4RDB8xNEL0tx4,,,,,
ChIJi8GDoUr6kT4RXbLi4psaDPw,al-safa-shopping-centre,Al Safa Shopping Centre,Malls,,mall;shopping;retail,,"GGM5+RXG, Al Amarat, Oman",Muscat,Oman,23.534562,58.509953,http://www.kmtrading.com/,+968 24 872100,https://www.google.com/maps/place/?q=place_id:ChIJi8GDoUr6kT4RXbLi4psaDPw,,https://www.google.com/s2/favicons?domain=www.kmtrading.com&sz=128,,,,ChIJi8GDoUr6kT4RXbLi4psaDPw,,,,http://www.kmtrading.com/,,,,,
ChIJOyGwgxH_kT4RsT7AcnHlbAk,alia-centre-al-khuwair,Alia Centre Al Khuwair,Malls,,mall;shopping;retail,,"HCWJ+HG6, 3329 Way, Muscat, Oman",Muscat,Oman,23.596413,58.431280,https://www.google.com/maps/place/?q=place_id:ChIJOyGwgxH_kT4RsT7AcnHlbAk,,https://www.google.com/maps/place/?q=place_id:ChIJOyGwgxH_kT4RsT7AcnHlbAk,,https://www.google.com/s2/favicons?domain=www.google.com&sz=128,,,,ChIJOyGwgxH_kT4RsT7AcnHlbAk,,,,https://www.google.com/maps/place/?q=place_id:ChIJOyGwgxH_kT4RsT7AcnHlbAk,,,,,
ChIJ89rfWA73kT4Rizh4XgXbTTg,aman-pioneer,Aman Pioneer,Malls,,mall;shopping;retail,,"JH97+WV Mutrah Souq, Muscat, Oman",Muscat,Oman,23.619778,58.564736,https://www.google.com/maps/place/?q=place_id:ChIJ89rfWA73kT4Rizh4XgXbTTg,+968 9125 1544,https://www.google.com/maps/place/?q=place_id:ChIJ89rfWA73kT4Rizh4XgXbTTg,,https://www.google.com/s2/favicons?domain=www.google.com&sz=128,,,,ChIJ89rfWA73kT4Rizh4XgXbTTg,,,,https://www.google.com/maps/place/?q=place_id:ChIJ89rfWA73kT4Rizh4XgXbTTg,,,,,
ChIJae4yVUr_kT4Rau140q6ejj8,arzat-mall-office-no-63,Arzat Mall أرزات مولOffice No 63,Malls,,mall;shopping;retail,,"HCQH+R54, Souk Al Khuwair St, Muscat, Oman",Muscat,Oman,23.589524,58.427958,https://www.google.com/maps/place/?q=place_id:ChIJae4yVUr_kT4Rau140q6ejj8,+968 24 480801,https://www.google.com/maps/place/?q=place_id:ChIJae4yVUr_kT4Rau140q6ejj8,,https://www.google.com/s2/favicons?domain=www.google.com&sz=128,,,,ChIJae4yVUr_kT4Rau140q6ejj8,,,,https://www.google.com/maps/place/?q=place_id:ChIJae4yVUr_kT4Rau140q6ejj8,,,,,
ChIJTQRFQA79jT4RqDoXL0llkvk,aseel-shopping-center,Aseel Shopping Center,Malls,,mall;shopping;retail,,"J63F+QV2, Seeb, Oman",Muscat,Oman,23.604389,58.224654,https://instagram.com/aseel.shopping0?utm_medium=copy_link,+968 9280 3553,https://www.google.com/maps/place/?q=place_id:ChIJTQRFQA79jT4RqDoXL0llkvk,,https://www.google.com/s2/favicons?domain=instagram.com&sz=128,,,,ChIJTQRFQA79jT4RqDoXL0llkvk,,,,https://instagram.com/aseel.shopping0?utm_medium=copy_link,,,,,
ChIJhfqgfd3_kT4Ro-u_JIpo1QA,azaiba-gardens-mall,Azaiba Gardens Mall,Malls,,mall;shopping;retail,,"Al Athaiba Garden Athaiba، H9RJ+887, Muscat, Oman",Muscat,Oman,23.590776,58.380783,https://www.google.com/maps/place/?q=place_id:ChIJhfqgfd3_kT4Ro-u_JIpo1QA,,https://www.google.com/maps/place/?q=place_id:ChIJhfqgfd3_kT4Ro-u_JIpo1QA,,https://www.google.com/s2/favicons?domain=www.google.com&sz=128,,,,ChIJhfqgfd3_kT4Ro-u_JIpo1QA,,,,https://www.google.com/maps/place/?q=place_id:ChIJhfqgfd3_kT4Ro-u_JIpo1QA,,,,,
ChIJxXbYwoD_kT4R2BXUyO9SP98,a-raya,A’RAYA,Malls,,mall;shopping;retail,,"HCXF+RG4, Muscat, Oman",Muscat,Oman,23.599515,58.423838,https://www.instagram.com/arayacomplex?igsh=ejd5MWFzMHNqaHRo,+968 9699 9410,https://www.google.com/maps/place/?q=place_id:ChIJxXbYwoD_kT4R2BXUyO9SP98,,https://www.google.com/s2/favicons?domain=www.instagram.com&sz=128,,,,ChIJxXbYwoD_kT4R2BXUyO9SP98,,,,https://www.instagram.com/arayacomplex?igsh=ejd5MWFzMHNqaHRo,,,,,
ChIJrSlQ4LT4kT4RhyQY8Mc-SS8,boulevard-boutique-mall,Boulevard Boutique Mall,Malls,,mall;shopping;retail,,"OM, شارع الخارجية، مسقط 103, Oman",Muscat,Oman,23.612422,58.464502,http://www.boulevardboutiquemall.com/,+968 24 400513,https://www.google.com/maps/place/?q=place_id:ChIJrSlQ4LT4kT4RhyQY8Mc-SS8,,https://www.google.com/s2/favicons?domain=www.boulevardboutiquemall.com&sz=128,,,,ChIJrSlQ4LT4kT4RhyQY8Mc-SS8,,,,http://www.boulevardboutiquemall.com/,,,,,
ChIJHUptpxH_kT4RloUNy-Qecx0,bustan-gift-market,Bustan Gift Market,Malls,,mall;shopping;retail,,"Muscat, Oman",Muscat,Oman,23.595499,58.432716,https://www.google.com/maps/place/?q=place_id:ChIJHUptpxH_kT4RloUNy-Qecx0,+968 9050 3920,https://www.google.com/maps/place/?q=place_id:ChIJHUptpxH_kT4RloUNy-Qecx0,,https://www.google.com/s2/favicons?domain=www.google.com&sz=128,,,,ChIJHUptpxH_kT4RloUNy-Qecx0,,,,https://www.google.com/maps/place/?q=place_id:ChIJHUptpxH_kT4RloUNy-Qecx0,,,,,
ChIJFyHYj4P3kT4RW6P2xmA2JL4,car-park,Car Park,Malls,,mall;shopping;retail,,"JH86+3R5, Muscat, Oman",Muscat,Oman,23.615126,58.562120,https://www.google.com/maps/place/?q=place_id:ChIJFyHYj4P3kT4RW6P2xmA2JL4,,https://www.google.com/maps/place/?q=place_id:ChIJFyHYj4P3kT4RW6P2xmA2JL4,,https://www.google.com/s2/favicons?domain=www.google.com&sz=128,,,,ChIJFyHYj4P3kT4RW6P2xmA2JL4,,,,https://www.google.com/maps/place/?q=place_id:ChIJFyHYj4P3kT4RW6P2xmA2JL4,,,,,
ChIJ38u0arj5kT4Raw6YBssOnJ8,carryfoodhypermarket,CarryFoodHypermarket,Malls,,mall;shopping;retail,,"HGRJ+H35, Muscat, Oman",Muscat,Oman,23.591384,58.530236,https://www.google.com/maps/place/?q=place_id:ChIJ38u0arj5kT4Raw6YBssOnJ8,+968 7211 3112,https://www.google.com/maps/place/?q=place_id:ChIJ38u0arj5kT4Raw6YBssOnJ8,,https://www.google.com/s2/favicons?domain=www.google.com&sz=128,,,,ChIJ38u0arj5kT4Raw6YBssOnJ8,,,,https://www.google.com/maps/place/?q=place_id:ChIJ38u0arj5kT4Raw6YBssOnJ8,,,,,
ChIJk3TFPjv_kT4R3wUkAaBJj8U,centrepoint-al-khuwair,Centrepoint Al Khuwair سنتر بوينت - الواحة مول,Malls,,mall;shopping;retail,,"HCWW+CQ7, 3305 Way, Muscat, Oman",Muscat,Oman,23.596043,58.446914,https://www.google.com/maps/place/?q=place_id:ChIJk3TFPjv_kT4R3wUkAaBJj8U,+968 22 060160,https://www.google.com/maps/place/?q=place_id:ChIJk3TFPjv_kT4R3wUkAaBJj8U,,https://www.google.com/s2/favicons?domain=www.google.com&sz=128,,,,ChIJk3TFPjv_kT4R3wUkAaBJj8U,,,,https://www.google.com/maps/place/?q=place_id:ChIJk3TFPjv_kT4R3wUkAaBJj8U,,,,,
ChIJ02ArXaz9jT4Rbr5rfD7NRdI,china-market,China Market,Malls,,mall;shopping;retail,,"Al Hail, Seeb, مسقط, Oman",Muscat,Oman,23.619687,58.241824,https://www.google.com/maps/place/?q=place_id:ChIJ02ArXaz9jT4Rbr5rfD7NRdI,+968 9440 1530,https://www.google.com/maps/place/?q=place_id:ChIJ02ArXaz9jT4Rbr5rfD7NRdI,,https://www.google.com/s2/favicons?domain=www.google.com&sz=128,,,,ChIJ02ArXaz9jT4Rbr5rfD7NRdI,,,,https://www.google.com/maps/place/?q=place_id:ChIJ02ArXaz9jT4Rbr5rfD7NRdI,,,,,
ChIJI76BOpf9jT4RBTyg1Qg1Ano,city-centre-muscat,City Centre Muscat,Malls,,mall;shopping;retail,,"Al، Seeb St, Muscat, Oman",Muscat,Oman,23.599660,58.248822,https://www.citycentremuscat.com/?utm_source=google&utm_medium=organic&utm_campaign=google_my_business,+968 800 78786,https://www.google.com/maps/place/?q=place_id:ChIJI76BOpf9jT4RBTyg1Qg1Ano,,https://www.google.com/s2/favicons?domain=www.citycentremuscat.com&sz=128,,,,ChIJI76BOpf9jT4RBTyg1Qg1Ano,,,,https://www.citycentremuscat.com/?utm_source=google&utm_medium=organic&utm_campaign=google_my_business,,,,,
ChIJ3RkkFOn4kT4RGO6wiWlA7qI,city-centre-qurum,City Centre Qurum,Malls,,mall;shopping;retail,,"City Center, Muscat 134, Oman",Muscat,Oman,23.608769,58.489762,https://www.citycentrequrum.com/,+968 800 78786,https://www.google.com/maps/place/?q=place_id:ChIJ3RkkFOn4kT4RGO6wiWlA7qI,,https://www.google.com/s2/favicons?domain=www.citycentrequrum.com&sz=128,,,,ChIJ3RkkFOn4kT4RGO6wiWlA7qI,,,,https://www.citycentrequrum.com/,,,,,
ChIJM2oVAgD_kT4RuPiZ4shJdnE,city-square,City Square,Malls,,mall;shopping;retail,,"HFR5+Q3X, Muscat, Oman",Muscat,Oman,23.591982,58.457728,https://www.google.com/maps/place/?q=place_id:ChIJM2oVAgD_kT4RuPiZ4shJdnE,,https://www.google.com/maps/place/?q=place_id:ChIJM2oVAgD_kT4RuPiZ4shJdnE,,https://www.google.com/s2/favicons?domain=www.google.com&sz=128,,,,ChIJM2oVAgD_kT4RuPiZ4shJdnE,,,,https://www.google.com/maps/place/?q=place_id:ChIJM2oVAgD_kT4RuPiZ4shJdnE,,,,,
ChIJr0du01H_kT4RLUE-tkhj97o,day-by-day-shopping-al-khuwair,DAY BY DAY SHOPPING AL KHUWAIR,Malls,,mall;shopping;retail,,"AL KHUWAIR, Muscat 115, Oman",Muscat,Oman,23.593192,58.412982,https://www.instagram.com/daybydayspc?igsh=MWFteHJwczFpeWtqOA%3D%3D&utm_source=qr,+968 9678 1800,https://www.google.com/maps/place/?q=place_id:ChIJr0du01H_kT4RLUE-tkhj97o,,https://www.google.com/s2/favicons?domain=www.instagram.com&sz=128,,,,ChIJr0du01H_kT4RLUE-tkhj97o,,,,https://www.instagram.com/daybydayspc?igsh=MWFteHJwczFpeWtqOA%3D%3D&utm_source=qr,,,,,
ChIJL1ylscL_kT4R7NslmFVR7Oc,dragon-gift-center,Dragon Gift Center,Malls,,mall;shopping;retail,,"Muscat 133, Oman",Muscat,Oman,23.590781,58.383298,https://www.google.com/maps/place/?q=place_id:ChIJL1ylscL_kT4R7NslmFVR7Oc,,https://www.google.com/maps/place/?q=place_id:ChIJL1ylscL_kT4R7NslmFVR7Oc,,https://www.google.com/s2/favicons?domain=www.google.com&sz=128,,,,ChIJL1ylscL_kT4R7NslmFVR7Oc,,,,https://www.google.com/maps/place/?q=place_id:ChIJL1ylscL_kT4R7NslmFVR7Oc,,,,,
ChIJx9oIdsQBjj4RMmbjopNsv24,dream-flower-shopping-centre,Dream Flower Shopping Centre,Malls,,mall;shopping;retail,,"Ghala Industrial Estate, H8GX+PWV، مسقط، Oman",Muscat,Oman,23.576862,58.349795,https://www.google.com/maps/place/?q=place_id:ChIJx9oIdsQBjj4RMmbjopNsv24,,https://www.google.com/maps/place/?q=place_id:ChIJx9oIdsQBjj4RMmbjopNsv24,,https://www.google.com/s2/favicons?domain=www.google.com&sz=128,,,,ChIJx9oIdsQBjj4RMmbjopNsv24,,,,https://www.google.com/maps/place/?q=place_id:ChIJx9oIdsQBjj4RMmbjopNsv24,,,,,
ChIJZadB-IT3kT4RdAAX5Ja5BL8,dubai-shopping-center-mutrah,Dubai Shopping Center Mutrah,Malls,,mall;shopping;retail,,"Mutrah High St, Muscat, Oman",Muscat,Oman,23.618076,58.563136,https://www.google.com/maps/place/?q=place_id:ChIJZadB-IT3kT4RdAAX5Ja5BL8,,https://www.google.com/maps/place/?q=place_id:ChIJZadB-IT3kT4RdAAX5Ja5BL8,,https://www.google.com/s2/favicons?domain=www.google.com&sz=128,,,,ChIJZadB-IT3kT4RdAAX5Ja5BL8,,,,https://www.google.com/maps/place/?q=place_id:ChIJZadB-IT3kT4RdAAX5Ja5BL8,,,,,
ChIJAdZ0Qxn9jT4RYqW_K_A906E,dubai-shopping-centre-international-llc-hypermarket,Dubai Shopping Centre International LLC Hypermarket,Malls,,mall;shopping;retail,,"J64G+P9V, Seeb, Oman",Muscat,Oman,23.606856,58.225922,https://www.google.com/maps/place/?q=place_id:ChIJAdZ0Qxn9jT4RYqW_K_A906E,+968 9774 7005,https://www.google.com/maps/place/?q=place_id:ChIJAdZ0Qxn9jT4RYqW_K_A906E,,https://www.google.com/s2/favicons?domain=www.google.com&sz=128,,,,ChIJAdZ0Qxn9jT4RYqW_K_A906E,,,,https://www.google.com/maps/place/?q=place_id:ChIJAdZ0Qxn9jT4RYqW_K_A906E,,,,,
ChIJUZeM-qX8jT4RukWBs3CQfzM,emirates-market-al-khoud,Emirates Market Al Khoud,Malls,,mall;shopping;retail,,"Seeb, Oman",Muscat,Oman,23.650410,58.201242,https://instagram.com/emiratesmarketalkhoud?igshid=YmMyMTA2M2Y=,+968 9447 6762,https://www.google.com/maps/place/?q=place_id:ChIJUZeM-qX8jT4RukWBs3CQfzM,,https://www.google.com/s2/favicons?domain=instagram.com&sz=128,,,,ChIJUZeM-qX8jT4RukWBs3CQfzM,,,,https://instagram.com/emiratesmarketalkhoud?igshid=YmMyMTA2M2Y=,,,,,
ChIJ33k3X5P9jT4RMy9zQEDeDlg,emirates-market-mawaleh,Emirates Market Mawaleh,Malls,,mall;shopping;retail,,"Seeb 132, Oman",Muscat,Oman,23.602880,58.219264,https://instagram.com/emiratesmarketalkhoud?igshid=YmMyMTA2M2Y=,+968 9447 6762,https://www.google.com/maps/place/?q=place_id:ChIJ33k3X5P9jT4RMy9zQEDeDlg,,https://www.google.com/s2/favicons?domain=instagram.com&sz=128,,,,ChIJ33k3X5P9jT4RMy9zQEDeDlg,,,,https://instagram.com/emiratesmarketalkhoud?igshid=YmMyMTA2M2Y=,,,,,
ChIJO8GouOz_kT4RAR0DLdvE29Q,family-mart-building,Family Mart Building,Malls,,mall;shopping;retail,,"J92V+49Q, Muscat, Oman",Muscat,Oman,23.600335,58.393479,https://www.google.com/maps/place/?q=place_id:ChIJO8GouOz_kT4RAR0DLdvE29Q,+968 9900 8328,https://www.google.com/maps/place/?q=place_id:ChIJO8GouOz_kT4RAR0DLdvE29Q,,https://www.google.com/s2/favicons?domain=www.google.com&sz=128,,,,ChIJO8GouOz_kT4RAR0DLdvE29Q,,,,https://www.google.com/maps/place/?q=place_id:ChIJO8GouOz_kT4RAR0DLdvE29Q,,,,,
ChIJb4dL5zT_kT4R0DdJkvwDjrU,fathima-hypermarket,Fathima Hypermarket,Malls,,mall;shopping;retail,,"OM, مسقط 131, Oman",Muscat,Oman,23.580815,58.395002,http://www.fathimagroup.com/,+968 9139 5582,https://www.google.com/maps/place/?q=place_id:ChIJb4dL5zT_kT4R0DdJkvwDjrU,,https://www.google.com/s2/favicons?domain=www.fathimagroup.com&sz=128,,,,ChIJb4dL5zT_kT4R0DdJkvwDjrU,,,,http://www.fathimagroup.com/,,,,,
ChIJC3qydQD5kT4RRpjuyZf7ubU,fathima-shopping-ruwi,Fathima Shopping Ruwi,Malls,,mall;shopping;retail,,"An Noor St, Muscat 131, Oman",Muscat,Oman,23.600609,58.539422,https://www.google.com/maps/place/?q=place_id:ChIJC3qydQD5kT4RRpjuyZf7ubU,+968 9139 5564,https://www.google.com/maps/place/?q=place_id:ChIJC3qydQD5kT4RRpjuyZf7ubU,,https://www.google.com/s2/favicons?domain=www.google.com&sz=128,,,,ChIJC3qydQD5kT4RRpjuyZf7ubU,,,,https://www.google.com/maps/place/?q=place_id:ChIJC3qydQD5kT4RRpjuyZf7ubU,,,,,
ChIJNfYD1I73kT4R_mzY13U2Nq4,fishing-tackle-shop-mutrah,Fishing Tackle Shop Mutrah,Malls,,mall;shopping;retail,,"JHF6+F53, Muscat, Oman",Muscat,Oman,23.623627,58.560431,https://www.google.com/maps/place/?q=place_id:ChIJNfYD1I73kT4R_mzY13U2Nq4,+968 24 712552,https://www.google.com/maps/place/?q=place_id:ChIJNfYD1I73kT4R_mzY13U2Nq4,,https://www.google.com/s2/favicons?domain=www.google.com&sz=128,,,,ChIJNfYD1I73kT4R_mzY13U2Nq4,,,,https://www.google.com/maps/place/?q=place_id:ChIJNfYD1I73kT4R_mzY13U2Nq4,,,,,
ChIJQboX_t39jT4RVjpcNz7KZuc,galleria-mall,Galleria Mall,Malls,,mall;shopping;retail,,"Al Barakat St, Sib, Oman",Muscat,Oman,23.632650,58.209529,https://www.google.com/maps/place/?q=place_id:ChIJQboX_t39jT4RVjpcNz7KZuc,,https://www.google.com/maps/place/?q=place_id:ChIJQboX_t39jT4RVjpcNz7KZuc,,https://www.google.com/s2/favicons?domain=www.google.com&sz=128,,,,ChIJQboX_t39jT4RVjpcNz7KZuc,,,,https://www.google.com/maps/place/?q=place_id:ChIJQboX_t39jT4RVjpcNz7KZuc,,,,,
ChIJvStnzib_kT4RS4G9AU3YMJo,gallery-muscat,Gallery Muscat,Malls,,mall;shopping;retail,,"HCQW+4GM, Muscat, Oman",Muscat,Oman,23.587829,58.446309,https://www.google.com/maps/place/?q=place_id:ChIJvStnzib_kT4RS4G9AU3YMJo,+968 9216 9632,https://www.google.com/maps/place/?q=place_id:ChIJvStnzib_kT4RS4G9AU3YMJo,,https://www.google.com/s2/favicons?domain=www.google.com&sz=128,,,,ChIJvStnzib_kT4RS4G9AU3YMJo,,,,https://www.google.com/maps/place/?q=place_id:ChIJvStnzib_kT4RS4G9AU3YMJo,,,,,
ChIJ03ahJX3_kT4RYu-2MRqS8nc,ghobra-city-plaza,Ghobra City Plaza,Malls,,mall;shopping;retail,,"H9JW+P7, Muscat 415, Oman",Muscat,Oman,23.582393,58.396019,https://www.google.com/maps/place/?q=place_id:ChIJ03ahJX3_kT4RYu-2MRqS8nc,,https://www.google.com/maps/place/?q=place_id:ChIJ03ahJX3_kT4RYu-2MRqS8nc,,https://www.google.com/s2/favicons?domain=www.google.com&sz=128,,,,ChIJ03ahJX3_kT4RYu-2MRqS8nc,,,,https://www.google.com/maps/place/?q=place_id:ChIJ03ahJX3_kT4RYu-2MRqS8nc,,,,,
ChIJJx6dGLv_kT4Raiy1p_2bMVU,ghubrah-shopping-center,Ghubrah Shopping Center,Malls,,mall;shopping;retail,,"HCQ3+8RW, Souk Al Ghubrah St, Muscat, Oman",Muscat,Oman,23.588351,58.404575,https://www.google.com/maps/place/?q=place_id:ChIJJx6dGLv_kT4Raiy1p_2bMVU,+968 9835 3355,https://www.google.com/maps/place/?q=place_id:ChIJJx6dGLv_kT4Raiy1p_2bMVU,,https://www.google.com/s2/favicons?domain=www.google.com&sz=128,,,,ChIJJx6dGLv_kT4Raiy1p_2bMVU,,,,https://www.google.com/maps/place/?q=place_id:ChIJJx6dGLv_kT4Raiy1p_2bMVU,,,,,
ChIJsWgEQEj9jT4R9AX2cbBO7iQ,golden-strings-shopping-center,Golden Strings shopping center,Malls,,mall;shopping;retail,,"H5RX+8MF, Seeb, Oman",Muscat,Oman,23.590823,58.199182,https://www.google.com/maps/place/?q=place_id:ChIJsWgEQEj9jT4R9AX2cbBO7iQ,,https://www.google.com/maps/place/?q=place_id:ChIJsWgEQEj9jT4R9AX2cbBO7iQ,,https://www.google.com/s2/favicons?domain=www.google.com&sz=128,,,,ChIJsWgEQEj9jT4R9AX2cbBO7iQ,,,,https://www.google.com/maps/place/?q=place_id:ChIJsWgEQEj9jT4R9AX2cbBO7iQ,,,,,
ChIJeaZ189z5kT4RH-RLvOLWNGU,happy-center,Happy Center مركز السعيد,Malls,,mall;shopping;retail,,"3957 Way, Muscat, Oman",Muscat,Oman,23.588961,58.545324,http://www.facebook.com/happycenterom,+968 9829 4628,https://www.google.com/maps/place/?q=place_id:ChIJeaZ189z5kT4RH-RLvOLWNGU,,https://www.google.com/s2/favicons?domain=www.facebook.com&sz=128,,,,ChIJeaZ189z5kT4RH-RLvOLWNGU,,,,http://www.facebook.com/happycenterom,,,,,
ChIJ21NkJAD_kT4R-MiIxb7lSsg,jawharat-a-shati,Jawharat A’Shati مركز تجاري,Malls,,mall;shopping;retail,,"JF87+G5P, Muscat, Oman",Muscat,Oman,23.616203,58.462846,https://www.google.com/maps/place/?q=place_id:ChIJ21NkJAD_kT4R-MiIxb7lSsg,+968 24 692113,https://www.google.com/maps/place/?q=place_id:ChIJ21NkJAD_kT4R-MiIxb7lSsg,,https://www.google.com/s2/favicons?domain=www.google.com&sz=128,,,,ChIJ21NkJAD_kT4R-MiIxb7lSsg,,,,https://www.google.com/maps/place/?q=place_id:ChIJ21NkJAD_kT4R-MiIxb7lSsg,,,,,
ChIJsw1Mm9v5kT4Rh0uDZsvrJU4,km-trading-ruwi,KM Trading Ruwi كي ام هايبرماركت,Malls,,mall;shopping;retail,,"HGRW+MGP, 3713 Way, Muscat, Oman",Muscat,Oman,23.591709,58.546328,http://www.kmtrading.com/,+968 24 771500,https://www.google.com/maps/place/?q=place_id:ChIJsw1Mm9v5kT4Rh0uDZsvrJU4,,https://www.google.com/s2/favicons?domain=www.kmtrading.com&sz=128,,,,ChIJsw1Mm9v5kT4Rh0uDZsvrJU4,,,,http://www.kmtrading.com/,,,,,
ChIJ1bbmfVX5kT4REpf12ns-UGo,malmart-amerat,MALMART AMERAT مول مارت العامرات,Malls,,mall;shopping;retail,,"مقابل اول دوار العامرات ،مول مارت, Al Amarat 119, Oman",Muscat,Oman,23.534279,58.510651,https://www.google.com/maps/place/?q=place_id:ChIJ1bbmfVX5kT4REpf12ns-UGo,,https://www.google.com/maps/place/?q=place_id:ChIJ1bbmfVX5kT4REpf12ns-UGo,,https://www.google.com/s2/favicons?domain=www.google.com&sz=128,,,,ChIJ1bbmfVX5kT4REpf12ns-UGo,,,,https://www.google.com/maps/place/?q=place_id:ChIJ1bbmfVX5kT4REpf12ns-UGo,,,,,
ChIJ3cEG97L7kT4RNRxaFzjHTso,mehdi-stores,MEHDI STORES,Malls,,mall;shopping;retail,,"Al Amarat, Oman",Muscat,Oman,23.525196,58.506020,https://www.google.com/maps/place/?q=place_id:ChIJ3cEG97L7kT4RNRxaFzjHTso,+968 9129 2042,https://www.google.com/maps/place/?q=place_id:ChIJ3cEG97L7kT4RNRxaFzjHTso,,https://www.google.com/s2/favicons?domain=www.google.com&sz=128,,,,ChIJ3cEG97L7kT4RNRxaFzjHTso,,,,https://www.google.com/maps/place/?q=place_id:ChIJ3cEG97L7kT4RNRxaFzjHTso,,,,,
ChIJx-H-lrX_kT4R_UXDf5tCoYU,miniso-mall-of-muscat,MINISO-MALL OF MUSCAT,Malls,,mall;shopping;retail,,"R74 & R76 First Floor, Mall Of, مسقط 411, Oman",Muscat,Oman,23.588031,58.382872,https://www.miniso.com/,+968 24 457433,https://www.google.com/maps/place/?q=place_id:ChIJx-H-lrX_kT4R_UXDf5tCoYU,,https://www.google.com/s2/favicons?domain=www.miniso.com&sz=128,,,,ChIJx-H-lrX_kT4R_UXDf5tCoYU,,,,https://www.miniso.com/,,,,,
ChIJi5Jomuf9jT4RzlLQjMg8YTk,ms-max-seeb,MS MAX SEEB,Malls,,mall;shopping;retail,,"5117 Way, Sib, Oman",Muscat,Oman,23.652009,58.200016,https://www.google.com/maps/place/?q=place_id:ChIJi5Jomuf9jT4RzlLQjMg8YTk,+968 7740 0046,https://www.google.com/maps/place/?q=place_id:ChIJi5Jomuf9jT4RzlLQjMg8YTk,,https://www.google.com/s2/favicons?domain=www.google.com&sz=128,,,,ChIJi5Jomuf9jT4RzlLQjMg8YTk,,,,https://www.google.com/maps/place/?q=place_id:ChIJi5Jomuf9jT4RzlLQjMg8YTk,,,,,
ChIJgWAnTygAjj4RT5BnpC0tfGw,majan-hypermarket,Majan Hypermarket,Malls,,mall;shopping;retail,,"H9G9+6WQ, Ghala As Sinaiyyah St, Muscat 130, Oman",Muscat,Oman,23.575591,58.369846,https://www.google.com/maps/place/?q=place_id:ChIJgWAnTygAjj4RT5BnpC0tfGw,+968 24 590502,https://www.google.com/maps/place/?q=place_id:ChIJgWAnTygAjj4RT5BnpC0tfGw,,https://www.google.com/s2/favicons?domain=www.google.com&sz=128,,,,ChIJgWAnTygAjj4RT5BnpC0tfGw,,,,https://www.google.com/maps/place/?q=place_id:ChIJgWAnTygAjj4RT5BnpC0tfGw,,,,,
ChIJO8Qgpt35kT4RLb-jcNqGjDs,makkah-center,Makkah Center,Malls,,mall;shopping;retail,,"1/A/633 Souq Ruwi St, Muscat 112, Oman",Muscat,Oman,23.587491,58.546156,https://www.google.com/maps/place/?q=place_id:ChIJO8Qgpt35kT4RLb-jcNqGjDs,+968 9405 2899,https://www.google.com/maps/place/?q=place_id:ChIJO8Qgpt35kT4RLb-jcNqGjDs,,https://www.google.com/s2/favicons?domain=www.google.com&sz=128,,,,ChIJO8Qgpt35kT4RLb-jcNqGjDs,,,,https://www.google.com/maps/place/?q=place_id:ChIJO8Qgpt35kT4RLb-jcNqGjDs,,,,,
ChIJLydcDO8Bjj4RYGhDKEvD0a8,mall-hills-avenue-plaza,Mall Hills Avenue Plaza,Malls,,mall;shopping;retail,,"Muscat Hills, Muscat 125, Oman",Muscat,Oman,23.577744,58.299688,https://hillsavenueplaza.com/,+968 9658 3031,https://www.google.com/maps/place/?q=place_id:ChIJLydcDO8Bjj4RYGhDKEvD0a8,,https://www.google.com/s2/favicons?domain=hillsavenueplaza.com&sz=128,,,,ChIJLydcDO8Bjj4RYGhDKEvD0a8,,,,https://hillsavenueplaza.com/,,,,,
ChIJwQKF64HkjT4RYWS4rBynEtY,mall-of-muscat,Mall of Muscat,Malls,,mall;shopping;retail,,"A Salam St, Sib, Oman",Muscat,Oman,23.645396,58.148331,http://www.mallofmuscat.com/,+968 24 014017,https://www.google.com/maps/place/?q=place_id:ChIJwQKF64HkjT4RYWS4rBynEtY,,https://www.google.com/s2/favicons?domain=www.mallofmuscat.com&sz=128,,,,ChIJwQKF64HkjT4RYWS4rBynEtY,,,,http://www.mallofmuscat.com/,,,,,
ChIJBXgfezL_kT4Rinma7tTl1js,mall-of-oman,Mall of Oman,Malls,,mall;shopping;retail,,"قبس الاعلامية، Bawshar St, Muscat, Oman",Muscat,Oman,23.573274,58.405250,https://www.mallofoman.net/?utm_source=google&utm_medium=organic&utm_campaign=google_my_business,+968 800 08282,https://www.google.com/maps/place/?q=place_id:ChIJBXgfezL_kT4Rinma7tTl1js,,https://www.google.com/s2/favicons?domain=www.mallofoman.net&sz=128,,,,ChIJBXgfezL_kT4Rinma7tTl1js,,,,https://www.mallofoman.net/?utm_source=google&utm_medium=organic&utm_campaign=google_my_business,,,,,
ChIJ3cbsEQD9jT4RltW-ay3M44k,mall-of-syria,Mall of Syria-سورية مول,Malls,,mall;shopping;retail,,"M644+3VH, Seeb, Oman",Muscat,Oman,23.655139,58.207151,https://www.google.com/maps/place/?q=place_id:ChIJ3cbsEQD9jT4RltW-ay3M44k,+968 9355 3366,https://www.google.com/maps/place/?q=place_id:ChIJ3cbsEQD9jT4RltW-ay3M44k,,https://www.google.com/s2/favicons?domain=www.google.com&sz=128,,,,ChIJ3cbsEQD9jT4RltW-ay3M44k,,,,https://www.google.com/maps/place/?q=place_id:ChIJ3cbsEQD9jT4RltW-ay3M44k,,,,,
ChIJk641vwb3kT4RrjbPGnIK2vM,markaz-al-bahja,Markaz Al Bahja,Malls,,mall;shopping;retail,,"Markaz Al Bahja, Muscat 111, Oman",Muscat,Oman,23.614229,58.246757,http://markazalbahja.com/,+968 24 540200,https://www.google.com/maps/place/?q=place_id:ChIJk641vwb3kT4RrjbPGnIK2vM,,https://www.google.com/s2/favicons?domain=markazalbahja.com&sz=128,,,,ChIJk641vwb3kT4RrjbPGnIK2vM,,,,http://markazalbahja.com/,,,,,
ChIJNSoig9z5kT4Rnv7FQS0PB4g,mazoon-shopping-mall,Mazoon Shopping Mall,Malls,,mall;shopping;retail,,"Souq Ruwi St, Muscat, Oman",Muscat,Oman,23.591059,58.546103,https://www.google.com/maps/place/?q=place_id:ChIJNSoig9z5kT4Rnv7FQS0PB4g,,https://www.google.com/maps/place/?q=place_id:ChIJNSoig9z5kT4Rnv7FQS0PB4g,,https://www.google.com/s2/favicons?domain=www.google.com&sz=128,,,,ChIJNSoig9z5kT4Rnv7FQS0PB4g,,,,https://www.google.com/maps/place/?q=place_id:ChIJNSoig9z5kT4Rnv7FQS0PB4g,,,,,
ChIJJRK-IgX9jT4Rvj9jMMLTT5A,metro-shopping-center-al-hail,Metro Shopping Center (Al Hail),Malls,,mall;shopping;retail,,"J6MJ+R5X Seeb, Oman Al, السيب‎، Oman",Muscat,Oman,23.634564,58.230369,https://www.google.com/maps/place/?q=place_id:ChIJJRK-IgX9jT4Rvj9jMMLTT5A,+968 7809 6608,https://www.google.com/maps/place/?q=place_id:ChIJJRK-IgX9jT4Rvj9jMMLTT5A,,https://www.google.com/s2/favicons?domain=www.google.com&sz=128,,,,ChIJJRK-IgX9jT4Rvj9jMMLTT5A,,,,https://www.google.com/maps/place/?q=place_id:ChIJJRK-IgX9jT4Rvj9jMMLTT5A,,,,,
ChIJ44oYwGD5kT4RwwsmmKRd69E,metro-shopping-center-ruwi,Metro Shopping Center (Ruwi),Malls,,mall;shopping;retail,,"HGRV+9X2, 3719 Way, Muscat, Oman",Muscat,Oman,23.590746,58.545215,https://www.google.com/maps/place/?q=place_id:ChIJ44oYwGD5kT4RwwsmmKRd69E,+968 7955 4275,https://www.google.com/maps/place/?q=place_id:ChIJ44oYwGD5kT4RwwsmmKRd69E,,https://www.google.com/s2/favicons?domain=www.google.com&sz=128,,,,ChIJ44oYwGD5kT4RwwsmmKRd69E,,,,https://www.google.com/maps/place/?q=place_id:ChIJ44oYwGD5kT4RwwsmmKRd69E,,,,,
ChIJG-jB2iT5kT4RgLmlCbAxLSU,mikal-shopping-center,Mikal Shopping Center,Malls,,mall;shopping;retail,,"JG3X+XG8, 3233 Way, Muscat, Oman",Muscat,Oman,23.605031,58.548764,https://www.google.com/maps/place/?q=place_id:ChIJG-jB2iT5kT4RgLmlCbAxLSU,,https://www.google.com/maps/place/?q=place_id:ChIJG-jB2iT5kT4RgLmlCbAxLSU,,https://www.google.com/s2/favicons?domain=www.google.com&sz=128,,,,ChIJG-jB2iT5kT4RgLmlCbAxLSU,,,,https://www.google.com/maps/place/?q=place_id:ChIJG-jB2iT5kT4RgLmlCbAxLSU,,,,,
ChIJZV3Lp5L8jT4RUl49icboj2Q,moments-shopping-center,Moments Shopping Center,Malls,,mall;shopping;retail,,"Seeb, Oman",Muscat,Oman,23.640846,58.223337,https://www.google.com/maps/place/?q=place_id:ChIJZV3Lp5L8jT4RUl49icboj2Q,+968 24 184780,https://www.google.com/maps/place/?q=place_id:ChIJZV3Lp5L8jT4RUl49icboj2Q,,https://www.google.com/s2/favicons?domain=www.google.com&sz=128,,,,ChIJZV3Lp5L8jT4RUl49icboj2Q,,,,https://www.google.com/maps/place/?q=place_id:ChIJZV3Lp5L8jT4RUl49icboj2Q,,,,,
ChIJhwb7DKb_kT4Rl-UA5JqKhio,muscat-grand-mall,Muscat Grand Mall,Malls,,mall;shopping;retail,,"OM, شارع دوحة الأدب، مسقط 113, Oman",Muscat,Oman,23.589660,58.412528,https://www.google.com/maps/place/?q=place_id:ChIJhwb7DKb_kT4Rl-UA5JqKhio,+968 22 000000,https://www.google.com/maps/place/?q=place_id:ChIJhwb7DKb_kT4Rl-UA5JqKhio,,https://www.google.com/s2/favicons?domain=www.google.com&sz=128,,,,ChIJhwb7DKb_kT4Rl-UA5JqKhio,,,,https://www.google.com/maps/place/?q=place_id:ChIJhwb7DKb_kT4Rl-UA5JqKhio,,,,,
ChIJfXcgru34kT4RNn9wSGdD9QU,national-choice,NATIONAL CHOICE,Malls,,mall;shopping;retail,,"Al araimi، Muscat 118, Oman",Muscat,Oman,23.629437,58.494503,https://www.google.com/maps/place/?q=place_id:ChIJfXcgru34kT4RNn9wSGdD9QU,+968 7921 1304,https://www.google.com/maps/place/?q=place_id:ChIJfXcgru34kT4RNn9wSGdD9QU,,https://www.google.com/s2/favicons?domain=www.google.com&sz=128,,,,ChIJfXcgru34kT4RNn9wSGdD9QU,,,,https://www.google.com/maps/place/?q=place_id:ChIJfXcgru34kT4RNn9wSGdD9QU,,,,,
ChIJA38oksv_kT4REEeAnOiKhkY,najah-hypermarket,Najah Hypermarket,Malls,,mall;shopping;retail,,"H9VQ+CG, Muscat 130, Oman",Muscat,Oman,23.593563,58.388813,https://www.google.com/maps/place/?q=place_id:ChIJA38oksv_kT4REEeAnOiKhkY,,https://www.google.com/maps/place/?q=place_id:ChIJA38oksv_kT4REEeAnOiKhkY,,https://www.google.com/s2/favicons?domain=www.google.com&sz=128,,,,ChIJA38oksv_kT4REEeAnOiKhkY,,,,https://www.google.com/maps/place/?q=place_id:ChIJA38oksv_kT4REEeAnOiKhkY,,,,,
ChIJo1QpSxf_kT4RQjFUQt37NX4,noor-shopping,Noor Shopping,Malls,,mall;shopping;retail,,"3933 Way, Muscat, Oman",Muscat,Oman,23.593725,58.434257,https://www.google.com/maps/place/?q=place_id:ChIJo1QpSxf_kT4RQjFUQt37NX4,+968 9419 5655,https://www.google.com/maps/place/?q=place_id:ChIJo1QpSxf_kT4RQjFUQt37NX4,,https://www.google.com/s2/favicons?domain=www.google.com&sz=128,,,,ChIJo1QpSxf_kT4RQjFUQt37NX4,,,,https://www.google.com/maps/place/?q=place_id:ChIJo1QpSxf_kT4RQjFUQt37NX4,,,,,
ChIJY05KQDv_kT4RTJcu-utprE0,oasis-mall,Oasis Mall,Malls,,mall;shopping;retail,,"Madinat Sultan Qaboos St., Al Khuwair, Oman",Muscat,Oman,23.596232,58.446888,http://www.oasisshoppingmalls.com/,+968 9462 2221,https://www.google.com/maps/place/?q=place_id:ChIJY05KQDv_kT4RTJcu-utprE0,,https://www.google.com/s2/favicons?domain=www.oasisshoppingmalls.com&sz=128,,,,ChIJY05KQDv_kT4RTJcu-utprE0,,,,http://www.oasisshoppingmalls.com/,,,,,
ChIJo41Qwln-kT4RnQPzskVTgYs,ocean-mart-express,Ocean Mart Express,Malls,,mall;shopping;retail,,"HC87+27W, Al Maha St, Muscat, Oman",Muscat,Oman,23.565052,58.413325,https://www.google.com/maps/place/?q=place_id:ChIJo41Qwln-kT4RnQPzskVTgYs,+968 7934 6824,https://www.google.com/maps/place/?q=place_id:ChIJo41Qwln-kT4RnQPzskVTgYs,,https://www.google.com/s2/favicons?domain=www.google.com&sz=128,,,,ChIJo41Qwln-kT4RnQPzskVTgYs,,,,https://www.google.com/maps/place/?q=place_id:ChIJo41Qwln-kT4RnQPzskVTgYs,,,,,
ChIJ6bhSMKT_kT4RruG3I9MBaJM,oman-avenues-mall,Oman Avenues Mall,Malls,,mall;shopping;retail,,"Sultan Qaboos St, Muscat, Oman",Muscat,Oman,23.589920,58.411422,https://www.omanavenuesmall.om/,+968 22 005400,https://www.google.com/maps/place/?q=place_id:ChIJ6bhSMKT_kT4RruG3I9MBaJM,,https://www.google.com/s2/favicons?domain=www.omanavenuesmall.om&sz=128,,,,ChIJ6bhSMKT_kT4RruG3I9MBaJM,,,,https://www.omanavenuesmall.om/,,,,,
ChIJyXqFJcX5kT4R04NeVMFVCKg,oman-commercial-center,Oman Commercial Center,Malls,,mall;shopping;retail,,"HGRR+MQ8, Muscat, Oman",Muscat,Oman,23.592747,58.542182,https://www.google.com/maps/place/?q=place_id:ChIJyXqFJcX5kT4R04NeVMFVCKg,,https://www.google.com/maps/place/?q=place_id:ChIJyXqFJcX5kT4R04NeVMFVCKg,,https://www.google.com/s2/favicons?domain=www.google.com&sz=128,,,,ChIJyXqFJcX5kT4R04NeVMFVCKg,,,,https://www.google.com/maps/place/?q=place_id:ChIJyXqFJcX5kT4R04NeVMFVCKg,,,,,
ChIJ09zaAwf_kT4RBguPcT-p1a0,oman-gift-center,Oman Gift Center,Malls,,mall;shopping;retail,,"HCWW+CX8, 3305 Way, Muscat, Oman",Muscat,Oman,23.596044,58.447468,http://omanstore24.com/omangiftcenter,,https://www.google.com/maps/place/?q=place_id:ChIJ09zaAwf_kT4RBguPcT-p1a0,,https://www.google.com/s2/favicons?domain=omanstore24.com&sz=128,,,,ChIJ09zaAwf_kT4RBguPcT-p1a0,,,,http://omanstore24.com/omangiftcenter,,,,,
ChIJ8XDoOrT4kT4RAimPNwWLZNo,opera-galleria,Opera Galleria الأوبرا جالاريا,Malls,,mall;shopping;retail,,"JF78+FH9, Al Kharjiyah St, Muscat, Oman",Muscat,Oman,23.613663,58.466474,https://www.rohmuscat.org.om/en/OperaGalleria,+968 24 403440,https://www.google.com/maps/place/?q=place_id:ChIJ8XDoOrT4kT4RAimPNwWLZNo,,https://www.google.com/s2/favicons?domain=www.rohmuscat.org.om&sz=128,,,,ChIJ8XDoOrT4kT4RAimPNwWLZNo,,,,https://www.rohmuscat.org.om/en/OperaGalleria,,,,,
ChIJLedzXK7_kT4RB0ggqH6ovl4,panorama-mall,Panorama Mall,Malls,,mall;shopping;retail,,"Al Ghubrah St, Muscat, Oman",Muscat,Oman,23.582022,58.408028,http://panoramamalloman.com/,,https://www.google.com/maps/place/?q=place_id:ChIJLedzXK7_kT4RB0ggqH6ovl4,,https://www.google.com/s2/favicons?domain=panoramamalloman.com&sz=128,,,,ChIJLedzXK7_kT4RB0ggqH6ovl4,,,,http://panoramamalloman.com/,,,,,
ChIJoz82Fd79jT4RpXHrGr0wRrE,qaf-shopping,Qaf Shopping,Malls,,mall;shopping;retail,,"Unnamed Road, السيب‎، Oman",Muscat,Oman,23.594471,58.223719,https://www.google.com/maps/place/?q=place_id:ChIJoz82Fd79jT4RpXHrGr0wRrE,+968 7963 7884,https://www.google.com/maps/place/?q=place_id:ChIJoz82Fd79jT4RpXHrGr0wRrE,,https://www.google.com/s2/favicons?domain=www.google.com&sz=128,,,,ChIJoz82Fd79jT4RpXHrGr0wRrE,,,,https://www.google.com/maps/place/?q=place_id:ChIJoz82Fd79jT4RpXHrGr0wRrE,,,,,
ChIJu9Thq23_kT4REQXpQgyHl70,quality-saving-center,Quality & Saving Center,Malls,,mall;shopping;retail,,"HCWX+J4F فرع الخوير، Dauhat Al Adab St, Muscat, Oman",Muscat,Oman,23.596812,58.447812,https://qs-center.net/,+968 9550 9811,https://www.google.com/maps/place/?q=place_id:ChIJu9Thq23_kT4REQXpQgyHl70,,https://www.google.com/s2/favicons?domain=qs-center.net&sz=128,,,,ChIJu9Thq23_kT4REQXpQgyHl70,,,,https://qs-center.net/,,,,,
ChIJH5PenRv7jT4RIUZJ9sLCR1g,rial-center,RIAL CENTER,Malls,,mall;shopping;retail,,"M55X+4GC, Seeb, Oman",Muscat,Oman,23.657761,58.198800,https://www.google.com/maps/place/?q=place_id:ChIJH5PenRv7jT4RIUZJ9sLCR1g,+968 7940 0050,https://www.google.com/maps/place/?q=place_id:ChIJH5PenRv7jT4RIUZJ9sLCR1g,,https://www.google.com/s2/favicons?domain=www.google.com&sz=128,,,,ChIJH5PenRv7jT4RIUZJ9sLCR1g,,,,https://www.google.com/maps/place/?q=place_id:ChIJH5PenRv7jT4RIUZJ9sLCR1g,,,,,
ChIJe5t77Kj_kT4R9UhwDiVYFWo,ramez-shopping-center,Ramez Shopping Center,Malls,,mall;shopping;retail,,"Muscat, Oman",Muscat,Oman,23.586953,58.413187,http://ramezshopping.com/,+968 22 063644,https://www.google.com/maps/place/?q=place_id:ChIJe5t77Kj_kT4R9UhwDiVYFWo,,https://www.google.com/s2/favicons?domain=ramezshopping.com&sz=128,,,,ChIJe5t77Kj_kT4R9UhwDiVYFWo,,,,http://ramezshopping.com/,,,,,
ChIJKwJFUV_7jT4RV-zJKjKCQCo,ramez-shopping-centre,Ramez Shopping Centre,Malls,,mall;shopping;retail,,"Seeb 130, Oman",Muscat,Oman,23.657802,58.206577,https://ramezshopping.com/,+968 24 423988,https://www.google.com/maps/place/?q=place_id:ChIJKwJFUV_7jT4RV-zJKjKCQCo,,https://www.google.com/s2/favicons?domain=ramezshopping.com&sz=128,,,,ChIJKwJFUV_7jT4RV-zJKjKCQCo,,,,https://ramezshopping.com/,,,,,
ChIJqaoxltz5kT4R0SSMFLVID4U,rashid-hussain-partner,Rashid Hussain & Partner,Malls,,mall;shopping;retail,,"Village, مسقط، Oman",Muscat,Oman,23.589591,58.544439,https://www.google.com/maps/place/?q=place_id:ChIJqaoxltz5kT4R0SSMFLVID4U,+968 24 830313,https://www.google.com/maps/place/?q=place_id:ChIJqaoxltz5kT4R0SSMFLVID4U,,https://www.google.com/s2/favicons?domain=www.google.com&sz=128,,,,ChIJqaoxltz5kT4R0SSMFLVID4U,,,,https://www.google.com/maps/place/?q=place_id:ChIJqaoxltz5kT4R0SSMFLVID4U,,,,,
ChIJhZDp7KT_kT4R3BHjUZ_w6wM,rayahen-roastery,Rayahen Roastery,Malls,,mall;shopping;retail,,"H9VQ+7VR, Al Safat St, Muscat 102, Oman",Muscat,Oman,23.593218,58.389728,https://www.google.com/maps/place/?q=place_id:ChIJhZDp7KT_kT4R3BHjUZ_w6wM,+968 9938 6455,https://www.google.com/maps/place/?q=place_id:ChIJhZDp7KT_kT4R3BHjUZ_w6wM,,https://www.google.com/s2/favicons?domain=www.google.com&sz=128,,,,ChIJhZDp7KT_kT4R3BHjUZ_w6wM,,,,https://www.google.com/maps/place/?q=place_id:ChIJhZDp7KT_kT4R3BHjUZ_w6wM,,,,,
ChIJQZv4CNv5kT4R0jM7WwgD-js,ruwi-plaza,Ruwi Plaza روي بلازا,Malls,,mall;shopping;retail,,"114 3713 Way, Muscat, Oman",Muscat,Oman,23.592895,58.546108,https://www.google.com/maps/place/?q=place_id:ChIJQZv4CNv5kT4R0jM7WwgD-js,+968 9903 4453,https://www.google.com/maps/place/?q=place_id:ChIJQZv4CNv5kT4R0jM7WwgD-js,,https://www.google.com/s2/favicons?domain=www.google.com&sz=128,,,,ChIJQZv4CNv5kT4R0jM7WwgD-js,,,,https://www.google.com/maps/place/?q=place_id:ChIJQZv4CNv5kT4R0jM7WwgD-js,,,,,
ChIJQ2460O34kT4RhXxW2r7i40Y,sabco-shopping-centre,Sabco Shopping Centre,Malls,,mall;shopping;retail,,"JF6W+Q22, Muscat, Oman",Muscat,Oman,23.611893,58.495007,http://www.sabcogroup.com/,+968 24 566701,https://www.google.com/maps/place/?q=place_id:ChIJQ2460O34kT4RhXxW2r7i40Y,,https://www.google.com/s2/favicons?domain=www.sabcogroup.com&sz=128,,,,ChIJQ2460O34kT4RhXxW2r7i40Y,,,,http://www.sabcogroup.com/,,,,,
ChIJUWxW1Un_kT4RniguzUr7eyQ,sarooj-commercial-complex,Sarooj Commercial Complex,Malls,,mall;shopping;retail,,"JF43+XQP, Muscat, Oman",Muscat,Oman,23.607467,58.454462,https://www.google.com/maps/place/?q=place_id:ChIJUWxW1Un_kT4RniguzUr7eyQ,,https://www.google.com/maps/place/?q=place_id:ChIJUWxW1Un_kT4RniguzUr7eyQ,,https://www.google.com/s2/favicons?domain=www.google.com&sz=128,,,,ChIJUWxW1Un_kT4RniguzUr7eyQ,,,,https://www.google.com/maps/place/?q=place_id:ChIJUWxW1Un_kT4RniguzUr7eyQ,,,,,
ChIJAfnwyJcBjj4RHs7AJ6OIsEk,sayar,Sayar,Malls,,mall;shopping;retail,,"H988+X93, Muscat, Oman",Muscat,Oman,23.567397,58.365935,https://www.google.com/maps/place/?q=place_id:ChIJAfnwyJcBjj4RHs7AJ6OIsEk,+968 7907 5777,https://www.google.com/maps/place/?q=place_id:ChIJAfnwyJcBjj4RHs7AJ6OIsEk,,https://www.google.com/s2/favicons?domain=www.google.com&sz=128,,,,ChIJAfnwyJcBjj4RHs7AJ6OIsEk,,,,https://www.google.com/maps/place/?q=place_id:ChIJAfnwyJcBjj4RHs7AJ6OIsEk,,,,,
ChIJ023Gws3kjT4RCGSBTw4flN8,seeb-mall,Seeb Mall,Malls,,mall;shopping;retail,,"Wadi bahis السيب‎ OM، Sib 121, Oman",Muscat,Oman,23.682976,58.184339,https://www.seebmall.com/,+968 24 424236,https://www.google.com/maps/place/?q=place_id:ChIJ023Gws3kjT4RCGSBTw4flN8,,https://www.google.com/s2/favicons?domain=www.seebmall.com&sz=128,,,,ChIJ023Gws3kjT4RCGSBTw4flN8,,,,https://www.seebmall.com/,,,,,
ChIJg3nDd6QAjj4RrWYjD3cva8A,select-shopping,Select Shopping سيلكت للتسوق,Malls,,mall;shopping;retail,,"H7PW+CX7, Muscat, Oman",Muscat,Oman,23.586042,58.297424,https://www.google.com/maps/place/?q=place_id:ChIJg3nDd6QAjj4RrWYjD3cva8A,,https://www.google.com/maps/place/?q=place_id:ChIJg3nDd6QAjj4RrWYjD3cva8A,,https://www.google.com/s2/favicons?domain=www.google.com&sz=128,,,,ChIJg3nDd6QAjj4RrWYjD3cva8A,,,,https://www.google.com/maps/place/?q=place_id:ChIJg3nDd6QAjj4RrWYjD3cva8A,,,,,
ChIJcd0yqfb_kT4R0Hz0PI-ejMc,shoe-centre,Shoe Centre شو سنتر,Malls,,mall;shopping;retail,,"H9VP+C2Q، Wadi al Udhaiba St، Muscat, Oman",Muscat,Oman,23.593596,58.385117,https://www.google.com/maps/place/?q=place_id:ChIJcd0yqfb_kT4R0Hz0PI-ejMc,,https://www.google.com/maps/place/?q=place_id:ChIJcd0yqfb_kT4R0Hz0PI-ejMc,,https://www.google.com/s2/favicons?domain=www.google.com&sz=128,,,,ChIJcd0yqfb_kT4R0Hz0PI-ejMc,,,,https://www.google.com/maps/place/?q=place_id:ChIJcd0yqfb_kT4R0Hz0PI-ejMc,,,,,
ChIJO23UFIT3kT4Rz8rIbfxGUlA,shop-amir-bin-hamad-al-hassani-food,Shop Amir bin Hamad al-Hassani Food,Malls,,mall;shopping;retail,,"JH86+MHQ, Muscat, Oman",Muscat,Oman,23.616713,58.561469,https://www.google.com/maps/place/?q=place_id:ChIJO23UFIT3kT4Rz8rIbfxGUlA,+968 24 713056,https://www.google.com/maps/place/?q=place_id:ChIJO23UFIT3kT4Rz8rIbfxGUlA,,https://www.google.com/s2/favicons?domain=www.google.com&sz=128,,,,ChIJO23UFIT3kT4Rz8rIbfxGUlA,,,,https://www.google.com/maps/place/?q=place_id:ChIJO23UFIT3kT4Rz8rIbfxGUlA,,,,,
ChIJiVkQ-Vj9jT4RSNDSXQilneY,siham-shoppin-centre,Siham shoppin centre مركز سهام للتسوق,Malls,,mall;shopping;retail,,"AlHail Roundabout, J66H+X8X، السيب‎، Oman",Muscat,Oman,23.612484,58.228363,https://www.google.com/maps/place/?q=place_id:ChIJiVkQ-Vj9jT4RSNDSXQilneY,+968 9631 4079,https://www.google.com/maps/place/?q=place_id:ChIJiVkQ-Vj9jT4RSNDSXQilneY,,https://www.google.com/s2/favicons?domain=www.google.com&sz=128,,,,ChIJiVkQ-Vj9jT4RSNDSXQilneY,,,,https://www.google.com/maps/place/?q=place_id:ChIJiVkQ-Vj9jT4RSNDSXQilneY,,,,,
ChIJB1w4zMb_kT4RuXUtwNeVn78,souq-al-madina,Souq Al Madina,Malls,,mall;shopping;retail,,"2135 Way, Muscat, Oman",Muscat,Oman,23.599883,58.455133,https://souqalmadina.om/,+968 9599 1555,https://www.google.com/maps/place/?q=place_id:ChIJB1w4zMb_kT4RuXUtwNeVn78,,https://www.google.com/s2/favicons?domain=souqalmadina.om&sz=128,,,,ChIJB1w4zMb_kT4RuXUtwNeVn78,,,,https://souqalmadina.om/,,,,,
ChIJxSkpbQQAjj4RKavd4UlB9Gk,the-sultan-center-18th-november-st,The Sultan Center 18th November St.,Malls,,mall;shopping;retail,,"J928+P38, 18th November St, Muscat, Oman",Muscat,Oman,23.601780,58.365189,http://sultan-center.com/,+968 24 491163,https://www.google.com/maps/place/?q=place_id:ChIJxSkpbQQAjj4RKavd4UlB9Gk,,https://www.google.com/s2/favicons?domain=sultan-center.com&sz=128,,,,ChIJxSkpbQQAjj4RKavd4UlB9Gk,,,,http://sultan-center.com/,,,,,
ChIJly3Em_r4kT4RD3cYiQ-isiQ,the-sultan-center-qurum,The Sultan Center Qurum,Malls,,mall;shopping;retail,,"Al Qurum مسقط OM، Muscat 116, Oman",Muscat,Oman,23.606485,58.498964,https://oman.sultan-center.com/,+968 24 064507,https://www.google.com/maps/place/?q=place_id:ChIJly3Em_r4kT4RD3cYiQ-isiQ,,https://www.google.com/s2/favicons?domain=oman.sultan-center.com&sz=128,,,,ChIJly3Em_r4kT4RD3cYiQ-isiQ,,,,https://oman.sultan-center.com/,,,,,
ChIJP38jrZD9jT4Ra31tBYIT1ng,the-village,The Village,Malls,,mall;shopping;retail,,"Al Hail North, Seeb, Oman",Muscat,Oman,23.639841,58.243894,https://www.thevillageom.com/,+968 7733 0000,https://www.google.com/maps/place/?q=place_id:ChIJP38jrZD9jT4Ra31tBYIT1ng,,https://www.google.com/s2/favicons?domain=www.thevillageom.com&sz=128,,,,ChIJP38jrZD9jT4Ra31tBYIT1ng,,,,https://www.thevillageom.com/,,,,,
ChIJVeG01DL8jT4RaUY37rZXHSQ,the-walk,The Walk,Malls,,mall;shopping;retail,,"J7H8+FJC, Street 6, Muscat, Oman",Muscat,Oman,23.628694,58.266507,http://www.almouj.com/,+968 800 77776,https://www.google.com/maps/place/?q=place_id:ChIJVeG01DL8jT4RaUY37rZXHSQ,,https://www.google.com/s2/favicons?domain=www.almouj.com&sz=128,,,,ChIJVeG01DL8jT4RaUY37rZXHSQ,,,,http://www.almouj.com/,,,,,
ChIJzUJINk__kT4RDuWXFORdMFg,water-front-muscat,WATER-FRONT Muscat,Malls,,mall;shopping;retail,,"JF73+47X, Muscat, Oman",Muscat,Oman,23.612870,58.453220,http://www.waterfrontmuscat.com/,+968 9596 8732,https://www.google.com/maps/place/?q=place_id:ChIJzUJINk__kT4RDuWXFORdMFg,,https://www.google.com/s2/favicons?domain=www.waterfrontmuscat.com&sz=128,,,,ChIJzUJINk__kT4RDuWXFORdMFg,,,,http://www.waterfrontmuscat.com/,,,,,
ChIJmS_iyVX4kT4R9pDMre2RpPI,wattayah-shopping-centre,Wattayah Shopping Centre,Malls,,mall;shopping;retail,,"JG36+5CH, Muscat, Oman",Muscat,Oman,23.602936,58.511116,https://www.google.com/maps/place/?q=place_id:ChIJmS_iyVX4kT4R9pDMre2RpPI,,https://www.google.com/maps/place/?q=place_id:ChIJmS_iyVX4kT4R9pDMre2RpPI,,https://www.google.com/s2/favicons?domain=www.google.com&sz=128,,,,ChIJmS_iyVX4kT4R9pDMre2RpPI,,,,https://www.google.com/maps/place/?q=place_id:ChIJmS_iyVX4kT4R9pDMre2RpPI,,,,,
ChIJx6w9zvfzkT4Rs2uiRH33nZQ,y-mart-2-0,Y Mart 2.0,Malls,,mall;shopping;retail,,"Yiti, Oman",Muscat,Oman,23.506614,58.654866,https://www.google.com/maps/place/?q=place_id:ChIJx6w9zvfzkT4Rs2uiRH33nZQ,+968 7725 1306,https://www.google.com/maps/place/?q=place_id:ChIJx6w9zvfzkT4Rs2uiRH33nZQ,,https://www.google.com/s2/favicons?domain=www.google.com&sz=128,,,,ChIJx6w9zvfzkT4Rs2uiRH33nZQ,,,,https://www.google.com/maps/place/?q=place_id:ChIJx6w9zvfzkT4Rs2uiRH33nZQ,,,,,
ChIJmTHi4q38jT4RGKBfFDWQKAk,yas-mart,Yas Mart,Malls,,mall;shopping;retail,,"بجوار مدرسه السيب العالميه، دوار السلام، Muscat, Oman",Muscat,Oman,23.644736,58.195929,https://www.google.com/maps/place/?q=place_id:ChIJmTHi4q38jT4RGKBfFDWQKAk,+968 24 282655,https://www.google.com/maps/place/?q=place_id:ChIJmTHi4q38jT4RGKBfFDWQKAk,,https://www.google.com/s2/favicons?domain=www.google.com&sz=128,,,,ChIJmTHi4q38jT4RGKBfFDWQKAk,,,,https://www.google.com/maps/place/?q=place_id:ChIJmTHi4q38jT4RGKBfFDWQKAk,,,,,
ChIJGRuaKyP_kT4RYDLyrGsISZE,zakher-mall,Zakher Mall,Malls,,mall;shopping;retail,,"HCVV+G7G, Muscat, Oman",Muscat,Oman,23.593810,58.443201,https://www.google.com/maps/place/?q=place_id:ChIJGRuaKyP_kT4RYDLyrGsISZE,+968 24 489884,https://www.google.com/maps/place/?q=place_id:ChIJGRuaKyP_kT4RYDLyrGsISZE,,https://www.google.com/s2/favicons?domain=www.google.com&sz=128,,,,ChIJGRuaKyP_kT4RYDLyrGsISZE,,,,https://www.google.com/maps/place/?q=place_id:ChIJGRuaKyP_kT4RYDLyrGsISZE,,,,,
ChIJxXwi4er5kT4RS_SpvhanzGQ,aa,aa,Malls,,mall;shopping;retail,,"Ruwi St, Muscat, Oman",Muscat,Oman,23.586474,58.545912,https://www.google.com/maps/place/?q=place_id:ChIJxXwi4er5kT4RS_SpvhanzGQ,+968 9297 9527,https://www.google.com/maps/place/?q=place_id:ChIJxXwi4er5kT4RS_SpvhanzGQ,,https://www.google.com/s2/favicons?domain=www.google.com&sz=128,,,,ChIJxXwi4er5kT4RS_SpvhanzGQ,,,,https://www.google.com/maps/place/?q=place_id:ChIJxXwi4er5kT4RS_SpvhanzGQ,,,,,
ChIJe0zqBIv9jT4RaBpkrKaYzdo,bein-sports-city-center-seeb,beIN Sports City Center Seeb,Malls,,mall;shopping;retail,,"City center, Muscat, Oman",Muscat,Oman,23.599198,58.248372,http://www.bein.net/,+968 24 547418,https://www.google.com/maps/place/?q=place_id:ChIJe0zqBIv9jT4RaBpkrKaYzdo,,https://www.google.com/s2/favicons?domain=www.bein.net&sz=128,,,,ChIJe0zqBIv9jT4RaBpkrKaYzdo,,,,http://www.bein.net/,,,,,
ChIJCR-VFnb_kT4RCSSJOAzEgOA,al-dhaman-hypermarket,الضمان هايبر ماركت AL-Dhaman Hypermarket,Malls,,mall;shopping;retail,,"Al Maha St, Muscat 133, Oman",Muscat,Oman,23.573930,58.416098,https://www.google.com/maps/place/?q=place_id:ChIJCR-VFnb_kT4RCSSJOAzEgOA,+968 7761 6605,https://www.google.com/maps/place/?q=place_id:ChIJCR-VFnb_kT4RCSSJOAzEgOA,,https://www.google.com/s2/favicons?domain=www.google.com&sz=128,,,,ChIJCR-VFnb_kT4RCSSJOAzEgOA,,,,https://www.google.com/maps/place/?q=place_id:ChIJCR-VFnb_kT4RCSSJOAzEgOA,,,,,
ChIJXTqdPAD9jT4RFhZmnRpuLNQ,,سامان تايلند (فرع الخوض/المعبيله),Malls,,mall;shopping;retail,,J697+M34، السيب‎، Oman,Muscat,Oman,23.619128,58.212708,https://www.google.com/maps/place/?q=place_id:ChIJXTqdPAD9jT4RFhZmnRpuLNQ,+968 7210 2228,https://www.google.com/maps/place/?q=place_id:ChIJXTqdPAD9jT4RFhZmnRpuLNQ,,https://www.google.com/s2/favicons?domain=www.google.com&sz=128,,,,ChIJXTqdPAD9jT4RFhZmnRpuLNQ,,,,https://www.google.com/maps/place/?q=place_id:ChIJXTqdPAD9jT4RFhZmnRpuLNQ,,,,,
ChIJ9dhHxl37kT4RnVTquKT2IwY,,مركز الجودة والتوفير,Malls,,mall;shopping;retail,,"المحج، GGJ6+6RX, Al Amarat, Oman",Muscat,Oman,23.530611,58.512099,https://www.google.com/maps/place/?q=place_id:ChIJ9dhHxl37kT4RnVTquKT2IwY,,https://www.google.com/maps/place/?q=place_id:ChIJ9dhHxl37kT4RnVTquKT2IwY,,https://www.google.com/s2/favicons?domain=www.google.com&sz=128,,,,ChIJ9dhHxl37kT4RnVTquKT2IwY,,,,https://www.google.com/maps/place/?q=place_id:ChIJ9dhHxl37kT4RnVTquKT2IwY,,,,,
ChIJuU2LFUL9jT4RIhC666ZcCbc,qabas-mall,مركز تجاري Qabas Mall,Malls,,mall;shopping;retail,,"J7C6+PF8, Al Mauj St, Sib, Oman",Muscat,Oman,23.621790,58.261200,https://www.google.com/maps/place/?q=place_id:ChIJuU2LFUL9jT4RIhC666ZcCbc,,https://www.google.com/maps/place/?q=place_id:ChIJuU2LFUL9jT4RIhC666ZcCbc,,https://www.google.com/s2/favicons?domain=www.google.com&sz=128,,,,ChIJuU2LFUL9jT4RIhC666ZcCbc,,,,https://www.google.com/maps/place/?q=place_id:ChIJuU2LFUL9jT4RIhC666ZcCbc,,,,,
ChIJB-gGbQD_kT4R1pDjdK7vA7k,,مركز تسوق,Malls,,mall;shopping;retail,,"HCRM+W3X, Muscat, Oman",Muscat,Oman,23.592361,58.432732,https://www.google.com/maps/place/?q=place_id:ChIJB-gGbQD_kT4R1pDjdK7vA7k,,https://www.google.com/maps/place/?q=place_id:ChIJB-gGbQD_kT4R1pDjdK7vA7k,,https://www.google.com/s2/favicons?domain=www.google.com&sz=128,,,,ChIJB-gGbQD_kT4R1pDjdK7vA7k,,,,https://www.google.com/maps/place/?q=place_id:ChIJB-gGbQD_kT4R1pDjdK7vA7k,,,,,
ChIJ172BzA_9jT4RCBdGkuFPjtU,,مركز جمال الموالح ش م م,Malls,,mall;shopping;retail,,"Seeb, Oman",Muscat,Oman,23.606039,58.224530,https://markazjamal.com/,+968 9950 9672,https://www.google.com/maps/place/?q=place_id:ChIJ172BzA_9jT4RCBdGkuFPjtU,,https://www.google.com/s2/favicons?domain=markazjamal.com&sz=128,,,,ChIJ172BzA_9jT4RCBdGkuFPjtU,,,,https://markazjamal.com/,,,,,
ChIJEY0zKAD9jT4Rye3_4LsLxq8,sultan-shopping-center-hail-south,مركز سلطان للتسوق الحيل الجنوبية Sultan Shopping Center Hail South,Malls,,mall;shopping;retail,,"J67M+G3J 2, Sib, Oman",Muscat,Oman,23.613846,58.232637,https://oman.sultan-center.com/,,https://www.google.com/maps/place/?q=place_id:ChIJEY0zKAD9jT4Rye3_4LsLxq8,,https://www.google.com/s2/favicons?domain=oman.sultan-center.com&sz=128,,,,ChIJEY0zKAD9jT4Rye3_4LsLxq8,,,,https://oman.sultan-center.com/,,,,,
